player_name,total_points,gws,cost,position,points_per_match,points_last_6,points_per_match_last_6,cost_per_point,cost_per_point_last_6,cost_point_index,cost_point_index_last_6
Aaron_Connolly,33.0,14.0,4,4,2.36,5.0,1.01,0.1212,0.8,0.3105,0.0909
Aaron_Cresswell,253.0,128.0,4,2,1.98,18.0,1.03,0.0158,0.2222,0.2605,0.2727
Aaron_Lennon,136.0,128.0,4,3,1.06,2.0,1.0,0.0294,2.0,0.1395,0.0
Aaron_Mooy,201.0,90.0,4,3,2.23,2.0,1.0,0.0199,2.0,0.2934,0.0
Aaron_Ramsdale,55.0,48.0,4,1,1.15,30.0,1.05,0.0727,0.1333,0.1513,0.4545
Aaron_Wan-Bissaka,161.0,96.0,5,2,1.68,8.0,1.01,0.0311,0.625,0.2211,0.0909
Abd-Al-Ali Morakinyo Olaposi_Koiki,0.0,29.0,4,2,0.0,0.0,1.0,0.0,0.0,0.0,0.0
Abdoulaye_Doucouré,332.0,128.0,5,3,2.59,20.0,1.03,0.0151,0.25,0.3408,0.2727
Adama_Traoré,146.0,87.0,5,3,1.68,18.0,1.03,0.0342,0.2778,0.2211,0.2727
Adam_Idah,0.0,14.0,4,4,0.0,0.0,1.0,0.0,0.0,0.0,0.0
Adam_Lallana,188.0,128.0,5,3,1.47,10.0,1.02,0.0266,0.5,0.1934,0.1818
Adam_Masina,34.0,52.0,4,2,0.65,8.0,1.01,0.1176,0.5,0.0855,0.0909
Adam_Smith,260.0,128.0,4,2,2.03,25.0,1.04,0.0154,0.16,0.2671,0.3636
Adam_Webster,24.0,14.0,4,2,1.71,8.0,1.01,0.1667,0.5,0.225,0.0909
Addji Keaninkin Marc-Israel_Guehi,0.0,15.0,4,2,0.0,0.0,1.0,0.0,0.0,0.0,0.0
Ademola_Lookman,60.0,108.0,5,3,0.56,0.0,1.0,0.0833,0.0,0.0737,0.0
Adrian_Mariappa,132.0,125.0,4,2,1.06,4.0,1.01,0.0303,1.0,0.1395,0.0909
Adrián_San Miguel del Castillo,160.0,128.0,4,1,1.25,1.0,1.0,0.025,4.0,0.1645,1.0E-4
Ahmed_El Mohamady,7.0,14.0,4,2,0.5,0.0,1.0,0.5714,0.0,0.0658,0.0
Ainsley_Maitland-Niles,77.0,116.0,4,2,0.66,0.0,1.0,0.0519,0.0,0.0868,0.0
Akin_Famewo,0.0,14.0,4,2,0.0,0.0,1.0,0.0,0.0,0.0,0.0
Albian_Ajeti,4.0,14.0,5,4,0.29,4.0,1.01,1.25,1.25,0.0382,0.0909
Alexander_Tettey,15.0,14.0,4,3,1.07,11.0,1.02,0.2667,0.3636,0.1408,0.1818
Alexandre Nascimento_Costa Silva,1.0,36.0,4,4,0.03,0.0,1.0,4.0,0.0,0.004,0.0
Alexandre_Lacazette,344.0,90.0,9,4,3.82,26.0,1.04,0.0262,0.3462,0.5026,0.3636
Alexis_Mac Allister,1.0,3.0,5,3,0.33,1.0,1.0,5.0,5.0,0.0435,1.0E-4
Alexis_Sánchez,463.0,128.0,6,3,3.62,0.0,1.0,0.013,0.0,0.4763,0.0
Alex_Iwobi,305.0,128.0,5,3,2.38,11.0,1.02,0.0164,0.4545,0.3132,0.1818
Alex_McCarthy,132.0,128.0,4,1,1.03,7.0,1.01,0.0303,0.5714,0.1355,0.0909
Alex_Oxlade-Chamberlain,195.0,128.0,6,3,1.52,9.0,1.02,0.0308,0.6667,0.2,0.1818
Alfie_Whiteman,0.0,75.0,4,1,0.0,0.0,1.0,0.0,0.0,0.0,0.0
Alireza_Jahanbakhsh,33.0,52.0,5,3,0.63,0.0,1.0,0.1515,0.0,0.0829,0.0
Alisson_Ramses Becker,188.0,52.0,6,1,3.62,11.0,1.02,0.0319,0.5455,0.4763,0.1818
Allan_Saint-Maximin,21.0,14.0,5,3,1.5,15.0,1.03,0.2381,0.3333,0.1974,0.2727
Andreas_Christensen,109.0,90.0,4,2,1.21,0.0,1.0,0.0367,0.0,0.1592,0.0
Andreas_Pereira,63.0,128.0,4,3,0.49,19.0,1.03,0.0635,0.2105,0.0645,0.2727
Andrew_Robertson,462.0,128.0,7,2,3.61,32.0,1.05,0.0152,0.2188,0.475,0.4545
Andrew_Surman,165.0,128.0,4,3,1.29,0.0,1.0,0.0242,0.0,0.1697,0.0
Andre_Gray,296.0,128.0,5,4,2.31,9.0,1.02,0.0169,0.5556,0.3039,0.1818
Andre_Green,0.0,14.0,4,3,0.0,0.0,1.0,0.0,0.0,0.0,0.0
Andriy_Yarmolenko,74.0,52.0,5,3,1.42,13.0,1.02,0.0676,0.3846,0.1868,0.1818
Andros_Townsend,401.0,128.0,5,3,3.13,13.0,1.02,0.0125,0.3846,0.4118,0.1818
André Filipe_Tavares Gomes,77.0,52.0,5,3,1.48,6.0,1.01,0.0649,0.8333,0.1947,0.0909
Andy_Carroll,124.0,128.0,5,4,0.97,4.0,1.01,0.0403,1.25,0.1276,0.0909
Andy_King,92.0,90.0,4,3,1.02,0.0,1.0,0.0435,0.0,0.1342,0.0
Andy_Lonergan,0.0,14.0,4,1,0.0,0.0,1.0,0.0,0.0,0.0,0.0
Angelo_Ogbonna,206.0,128.0,4,2,1.61,14.0,1.02,0.0194,0.2857,0.2118,0.1818
Angel_Gomes,4.0,35.0,4,3,0.11,0.0,1.0,1.0,0.0,0.0145,0.0
Angus_Gunn,76.0,57.0,4,1,1.33,2.0,1.0,0.0526,2.0,0.175,0.0
Anthony_Driscoll-Glennon,0.0,17.0,3,2,0.0,0.0,1.0,0.0,0.0,0.0,0.0
Anthony_Gordon,1.0,14.0,4,4,0.07,1.0,1.0,4.0,4.0,0.0093,1.0E-4
Anthony_Knockaert,162.0,90.0,5,3,1.8,0.0,1.0,0.0309,0.0,0.2368,0.0
Anthony_Martial,384.0,128.0,7,3,3.0,23.0,1.04,0.0182,0.3043,0.3947,0.3636
Antonio_Rüdiger,232.0,90.0,6,2,2.58,0.0,1.0,0.0259,0.0,0.3395,0.0
Anwar_El Ghazi,52.0,14.0,5,3,3.71,18.0,1.03,0.0962,0.2778,0.4882,0.2727
Archie_Mair,0.0,14.0,4,1,0.0,0.0,1.0,0.0,0.0,0.0,0.0
Armando_Broja,1.0,1.0,4,4,1.0,1.0,1.0,4.0,4.0,0.1317,1.0E-4
Arnaut_Danjuma Groeneveld,13.0,14.0,5,3,0.93,11.0,1.02,0.3846,0.4545,0.1224,0.1818
Arthur_Masuaku,171.0,128.0,4,2,1.34,2.0,1.0,0.0234,2.0,0.1763,0.0
Artur_Boruc,166.0,128.0,4,1,1.3,0.0,1.0,0.0241,0.0,0.1711,0.0
Ashley_Barnes,348.0,128.0,6,4,2.72,19.0,1.03,0.0172,0.3158,0.3579,0.2727
Ashley_Westwood,196.0,105.0,5,3,1.87,13.0,1.02,0.0255,0.3846,0.2461,0.1818
Ashley_Young,212.0,128.0,5,2,1.66,4.0,1.01,0.0236,1.25,0.2184,0.0909
Asmir_Begovic,177.0,128.0,4,1,1.38,0.0,1.0,0.0226,0.0,0.1816,0.0
Axel_Tuanzebe,21.0,63.0,4,2,0.33,1.0,1.0,0.1905,4.0,0.0434,1.0E-4
Aymeric_Laporte,221.0,66.0,6,2,3.35,0.0,1.0,0.0271,0.0,0.4408,0.0
Ayotomiwa_Dele-Bashiru,0.0,14.0,4,3,0.0,0.0,1.0,0.0,0.0,0.0,0.0
Ayoze_Pérez,321.0,90.0,6,3,3.57,36.0,1.06,0.0187,0.1667,0.4697,0.5455
Bailey_Peacock-Farrell,0.0,14.0,4,1,0.0,0.0,1.0,0.0,0.0,0.0,0.0
Bamidele_Alli,536.0,128.0,8,3,4.19,41.0,1.07,0.0149,0.1951,0.5513,0.6364
Beni_Baningime,7.0,81.0,4,3,0.09,0.0,1.0,0.5714,0.0,0.0119,0.0
Benjamin_Chilwell,266.0,128.0,5,2,2.08,43.0,1.07,0.0188,0.1163,0.2737,0.6364
Benjamin_Mendy,95.0,90.0,5,2,1.06,15.0,1.03,0.0526,0.3333,0.1395,0.2727
Ben_Davies,307.0,128.0,5,2,2.4,5.0,1.01,0.0163,1.0,0.3158,0.0909
Ben_Foster,414.0,128.0,4,1,3.23,27.0,1.05,0.0097,0.1481,0.425,0.4545
Ben_Gibson,127.0,90.0,3,2,1.41,0.0,1.0,0.0236,0.0,0.1855,0.0
Ben_Godfrey,17.0,14.0,4,2,1.21,10.0,1.02,0.2353,0.4,0.1592,0.1818
Ben_Johnson,2.0,49.0,3,2,0.04,0.0,1.0,1.5,0.0,0.0053,0.0
Ben_Mee,303.0,128.0,5,2,2.37,13.0,1.02,0.0165,0.3846,0.3118,0.1818
Ben_Osborn,2.0,14.0,4,3,0.14,0.0,1.0,2.0,0.0,0.0185,0.0
Beram_Kayal,61.0,90.0,4,3,0.68,0.0,1.0,0.0656,0.0,0.0895,0.0
Bernardo Mota_Veiga de Carvalho e Silva,323.0,90.0,7,3,3.59,22.0,1.04,0.0217,0.3182,0.4724,0.3636
Bernardo_Costa Da Rosa,0.0,9.0,4,3,0.0,0.0,1.0,0.0,0.0,0.0,0.0
Bernardo_Fernandes da Silva Junior,41.0,52.0,4,2,0.79,0.0,1.0,0.0976,0.0,0.1039,0.0
Bernard_Anício Caldeira Duarte,116.0,52.0,6,3,2.23,11.0,1.02,0.0517,0.5455,0.2934,0.1818
Bernard_Ashley-Seal,0.0,14.0,4,4,0.0,0.0,1.0,0.0,0.0,0.0,0.0
Bernd_Leno,154.0,52.0,5,1,2.96,21.0,1.04,0.0325,0.2381,0.3895,0.3636
Billy_Gilmour,2.0,14.0,4,3,0.14,1.0,1.0,2.0,4.0,0.0185,1.0E-4
Billy_Sharp,12.0,14.0,5,4,0.86,4.0,1.01,0.4167,1.25,0.1132,0.0909
Birkir_Bjarnason,0.0,14.0,4,3,0.0,0.0,1.0,0.0,0.0,0.0,0.0
Bjorn_Engels,31.0,14.0,4,2,2.21,4.0,1.01,0.129,1.0,0.2908,0.0909
Borja_González Tomás,2.0,3.0,5,4,0.67,2.0,1.0,2.5,2.5,0.0882,0.0
Brandon_Austin,0.0,14.0,4,1,0.0,0.0,1.0,0.0,0.0,0.0,0.0
Brandon_Pierrick,1.0,12.0,4,3,0.08,0.0,1.0,4.0,0.0,0.0106,0.0
Brandon_Williams,14.0,14.0,4,2,1.0,5.0,1.01,0.2857,0.8,0.1316,0.0909
Bruno André_Cavaco Jordao,0.0,7.0,4,3,0.0,0.0,1.0,0.0,0.0,0.0,0.0
Bruno Miguel_Borges Fernandes,38.0,5.0,8,3,7.6,38.0,1.06,0.2105,0.2105,1.0,0.5455
Bukayo_Saka,17.0,35.0,4,3,0.49,4.0,1.01,0.2353,1.0,0.0645,0.0909
Callum_Hudson-Odoi,41.0,72.0,5,3,0.57,12.0,1.02,0.122,0.4167,0.075,0.1818
Callum_Robinson,30.0,14.0,5,3,2.14,7.0,1.01,0.1667,0.7143,0.2816,0.0909
Callum_Slattery,4.0,32.0,4,3,0.13,0.0,1.0,1.0,0.0,0.0171,0.0
Callum_Wilson,391.0,128.0,7,4,3.05,10.0,1.02,0.0179,0.7,0.4013,0.1818
Calum_Chambers,193.0,128.0,4,2,1.51,5.0,1.01,0.0207,0.8,0.1987,0.0909
Caoimhin_Kelleher,0.0,14.0,4,1,0.0,0.0,1.0,0.0,0.0,0.0,0.0
Carlos_Sánchez,13.0,52.0,4,3,0.25,1.0,1.0,0.3077,4.0,0.0329,1.0E-4
Carl_Jenkinson,6.0,105.0,4,2,0.06,0.0,1.0,0.6667,0.0,0.0079,0.0
Cenk_Tosun,121.0,68.0,5,4,1.78,9.0,1.02,0.0413,0.5556,0.2342,0.1818
Charlie_Austin,180.0,128.0,6,4,1.41,0.0,1.0,0.0333,0.0,0.1855,0.0
Charlie_Daniels,275.0,128.0,4,2,2.15,0.0,1.0,0.0145,0.0,0.2829,0.0
Charlie_Taylor,120.0,90.0,4,2,1.33,14.0,1.02,0.0333,0.2857,0.175,0.1818
Cheikhou_Kouyaté,262.0,128.0,4,3,2.05,13.0,1.02,0.0153,0.3077,0.2697,0.1818
Che_Adams,18.0,14.0,5,4,1.29,2.0,1.0,0.2778,2.5,0.1697,0.0
Christian_Atsu,160.0,90.0,5,3,1.78,9.0,1.02,0.0313,0.5556,0.2342,0.1818
Christian_Benteke,266.0,128.0,5,4,2.08,5.0,1.01,0.0188,1.0,0.2737,0.0909
Christian_Eriksen,605.0,128.0,8,3,4.73,4.0,1.01,0.0132,2.0,0.6224,0.0909
Christian_Fuchs,169.0,128.0,4,2,1.32,0.0,1.0,0.0237,0.0,0.1737,0.0
Christian_Kabasele,160.0,128.0,4,2,1.25,11.0,1.02,0.025,0.3636,0.1645,0.1818
Christian_Pulisic,59.0,14.0,6,3,4.21,42.0,1.07,0.1017,0.1429,0.5539,0.6364
Christian_Saydee,0.0,14.0,4,3,0.0,0.0,1.0,0.0,0.0,0.0,0.0
Christoph_Zimmermann,7.0,14.0,4,2,0.5,6.0,1.01,0.5714,0.6667,0.0658,0.0909
Chris_Basham,44.0,14.0,4,2,3.14,18.0,1.03,0.0909,0.2222,0.4132,0.2727
Chris_Mepham,40.0,29.0,4,2,1.38,0.0,1.0,0.1,0.0,0.1816,0.0
Chris_Smalling,231.0,128.0,5,2,1.8,0.0,1.0,0.0216,0.0,0.2368,0.0
Chris_Wood,285.0,88.0,6,4,3.24,20.0,1.03,0.0211,0.3,0.4263,0.2727
Ciaran_Clark,133.0,90.0,4,2,1.48,21.0,1.04,0.0301,0.1905,0.1947,0.3636
Claudio_Bravo,84.0,126.0,4,1,0.67,1.0,1.0,0.0476,4.0,0.0882,1.0E-4
Connor_Wickham,29.0,128.0,4,4,0.23,0.0,1.0,0.1379,0.0,0.0303,0.0
Conor_Coady,130.0,52.0,5,2,2.5,11.0,1.02,0.0385,0.4545,0.3289,0.1818
Conor_Hourihane,35.0,14.0,5,3,2.5,18.0,1.03,0.1429,0.2778,0.329,0.2727
Craig_Cathcart,168.0,128.0,4,2,1.31,18.0,1.03,0.0238,0.2222,0.1724,0.2727
Craig_Dawson,209.0,90.0,4,2,2.32,14.0,1.02,0.0191,0.2857,0.3053,0.1818
Curtis_Jones,2.0,34.0,4,3,0.06,1.0,1.0,2.0,4.0,0.0079,1.0E-4
Cédric_Soares,252.0,128.0,4,2,1.97,4.0,1.01,0.0159,1.0,0.2592,0.0909
César_Azpilicueta,534.0,128.0,5,2,4.17,10.0,1.02,0.0094,0.5,0.5487,0.1818
Dale_Stephens,180.0,90.0,4,3,2.0,10.0,1.02,0.0222,0.4,0.2632,0.1818
Daniel_Amartey,81.0,128.0,4,3,0.63,0.0,1.0,0.0494,0.0,0.0829,0.0
Daniel_Castelo Podence,4.0,5.0,5,3,0.8,4.0,1.01,1.25,1.25,0.1053,0.0909
Daniel_Ceballos Fernández,27.0,14.0,5,3,1.93,5.0,1.01,0.1852,1.0,0.254,0.0909
Daniel_Drinkwater,93.0,128.0,4,3,0.73,0.0,1.0,0.043,0.0,0.0961,0.0
Daniel_James,52.0,43.0,5,3,1.21,23.0,1.04,0.0962,0.2174,0.1592,0.3636
Daniel_N'Lundulu,0.0,14.0,4,4,0.0,0.0,1.0,0.0,0.0,0.0,0.0
Danilo Luiz_da Silva,146.0,90.0,5,2,1.62,0.0,1.0,0.0342,0.0,0.2132,0.0
Danny_Ings,175.0,128.0,7,4,1.37,34.0,1.06,0.04,0.2059,0.1803,0.5455
Danny_Rose,208.0,128.0,5,2,1.63,2.0,1.0,0.024,2.5,0.2145,0.0
Danny_Ward,22.0,126.0,4,1,0.17,0.0,1.0,0.1818,0.0,0.0224,0.0
Danny_Welbeck,133.0,128.0,5,4,1.04,1.0,1.0,0.0376,5.0,0.1368,1.0E-4
Dan_Burn,34.0,29.0,4,2,1.17,10.0,1.02,0.1176,0.4,0.1539,0.1818
Dan_Gosling,164.0,128.0,4,3,1.28,2.0,1.0,0.0244,2.0,0.1684,0.0
Darren_Randolph,72.0,84.0,4,1,0.86,0.0,1.0,0.0556,0.0,0.1132,0.0
Daryl_Janmaat,195.0,126.0,4,2,1.55,25.0,1.04,0.0205,0.16,0.2039,0.3636
Davide_Zappacosta,67.0,87.0,4,2,0.77,0.0,1.0,0.0597,0.0,0.1013,0.0
David_Brooks,123.0,52.0,6,3,2.37,0.0,1.0,0.0488,0.0,0.3118,0.0
David_Button,15.0,52.0,3,1,0.29,0.0,1.0,0.2,0.0,0.0382,0.0
David_de Gea,353.0,90.0,5,1,3.92,13.0,1.02,0.0142,0.3846,0.5158,0.1818
David_Luiz Moreira Marinho,363.0,125.0,5,2,2.9,14.0,1.02,0.0138,0.3571,0.3816,0.1818
David_Martin,20.0,14.0,4,1,1.43,8.0,1.01,0.2,0.5,0.1882,0.0909
David_McGoldrick,25.0,14.0,5,4,1.79,17.0,1.03,0.2,0.2941,0.2355,0.2727
David_Silva,510.0,128.0,7,3,3.98,28.0,1.05,0.0137,0.25,0.5237,0.4545
Davinson_Sánchez,197.0,88.0,5,2,2.24,7.0,1.01,0.0254,0.7143,0.2947,0.0909
Davy_Pröpper,185.0,90.0,4,3,2.06,9.0,1.02,0.0216,0.4444,0.2711,0.1818
DeAndre_Yedlin,171.0,128.0,4,2,1.34,14.0,1.02,0.0234,0.2857,0.1763,0.1818
Dean_Henderson,54.0,14.0,5,1,3.86,21.0,1.04,0.0926,0.2381,0.5079,0.3636
Declan_Rice,164.0,111.0,4,3,1.48,12.0,1.02,0.0244,0.3333,0.1947,0.1818
Dejan_Lovren,290.0,128.0,5,2,2.27,9.0,1.02,0.0172,0.5556,0.2987,0.1818
Demarai_Gray,237.0,128.0,5,3,1.85,11.0,1.02,0.0211,0.4545,0.2434,0.1818
Dennis_Praet,16.0,14.0,5,3,1.14,4.0,1.01,0.3125,1.25,0.15,0.0909
Dennis_Srbeny,11.0,14.0,5,4,0.79,8.0,1.01,0.4545,0.625,0.104,0.0909
Diego_Rico,42.0,52.0,4,2,0.81,20.0,1.03,0.0952,0.2,0.1066,0.2727
Dimitri_Foulquier,1.0,14.0,4,2,0.07,1.0,1.0,4.0,4.0,0.0093,1.0E-4
Diogo_Jota,169.0,52.0,6,4,3.25,12.0,1.02,0.0355,0.5,0.4276,0.1818
Divock_Origi,151.0,120.0,5,4,1.26,5.0,1.01,0.0331,1.0,0.1658,0.0909
Djibril_Sidibé,22.0,14.0,5,2,1.57,22.0,1.04,0.2273,0.2273,0.2066,0.3636
Domingos_Quina,18.0,103.0,4,3,0.17,0.0,1.0,0.2222,0.0,0.0224,0.0
Dominic_Calvert-Lewin,229.0,119.0,6,4,1.92,12.0,1.02,0.0262,0.5,0.2526,0.1818
Dominic_Solanke,71.0,121.0,5,4,0.59,6.0,1.01,0.0704,0.8333,0.0776,0.0909
Douglas Luiz_Soares de Paulo,35.0,14.0,4,3,2.5,13.0,1.02,0.1143,0.3077,0.3289,0.1818
Dwight_Gayle,102.0,90.0,5,4,1.13,4.0,1.01,0.049,1.25,0.1487,0.0909
Dwight_McNeil,129.0,50.0,6,3,2.58,24.0,1.04,0.0465,0.25,0.3395,0.3636
Ederson_Santana de Moraes,375.0,90.0,6,1,4.17,19.0,1.03,0.016,0.3158,0.5487,0.2727
Edward_Nketiah,13.0,70.0,4,4,0.19,0.0,1.0,0.3077,0.0,0.025,0.0
Eldin_Jakupovic,90.0,128.0,4,1,0.7,0.0,1.0,0.0444,0.0,0.0921,0.0
Emerson_Palmieri dos Santos,50.0,65.0,5,2,0.77,9.0,1.02,0.1,0.5556,0.1013,0.1818
Emile_Smith Rowe,4.0,12.0,4,3,0.33,0.0,1.0,1.0,0.0,0.0434,0.0
Emiliano_Buendía,41.0,14.0,6,3,2.93,11.0,1.02,0.1463,0.5455,0.3855,0.1818
Emiliano_Martínez,0.0,45.0,4,1,0.0,0.0,1.0,0.0,0.0,0.0,0.0
Emil_Krafth,11.0,14.0,4,2,0.79,0.0,1.0,0.3636,0.0,0.104,0.0
Enda_Stevens,53.0,14.0,5,2,3.79,20.0,1.03,0.0943,0.25,0.4987,0.2727
Eric_Bailly,176.0,128.0,4,2,1.38,0.0,1.0,0.0227,0.0,0.1816,0.0
Eric_Dier,241.0,128.0,4,3,1.88,5.0,1.01,0.0166,0.8,0.2474,0.0909
Eric_Garcia,2.0,14.0,4,2,0.14,1.0,1.0,2.0,4.0,0.0185,1.0E-4
Erik_Lamela,182.0,128.0,5,3,1.42,1.0,1.0,0.0275,5.0,0.1868,1.0E-4
Erik_Pieters,208.0,90.0,4,2,2.31,0.0,1.0,0.0192,0.0,0.3039,0.0
Ethan_Ampadu,1.0,82.0,4,3,0.01,0.0,1.0,4.0,0.0,0.0014,0.0
Etienne_Capoue,279.0,128.0,4,3,2.18,11.0,1.02,0.0143,0.3636,0.2868,0.1818
Ezequiel_Schelotto,24.0,87.0,4,2,0.28,1.0,1.0,0.1667,4.0,0.0368,1.0E-4
Ezri_Konsa Ngoyo,9.0,14.0,4,2,0.64,8.0,1.01,0.4444,0.5,0.0842,0.0909
Fabian_Delph,103.0,128.0,5,2,0.8,2.0,1.0,0.0485,2.5,0.1053,0.0
Fabian_Schär,125.0,52.0,5,2,2.4,2.0,1.0,0.04,2.5,0.3158,0.0
Fabio Henrique_Tavares,97.0,52.0,5,3,1.87,13.0,1.02,0.0515,0.3846,0.2461,0.1818
Fabián_Balbuena,77.0,52.0,4,2,1.48,16.0,1.03,0.0519,0.25,0.1947,0.2727
Faustino_Anjorin,1.0,1.0,4,3,1.0,1.0,1.0,4.0,4.0,0.1317,1.0E-4
Federico_Fernández,217.0,128.0,4,2,1.7,19.0,1.03,0.0184,0.2105,0.2237,0.2727
Felipe Anderson_Pereira Gomes,191.0,52.0,6,3,3.67,11.0,1.02,0.0314,0.5455,0.4829,0.1818
Fernando_Luiz Rosa,294.0,128.0,5,3,2.3,10.0,1.02,0.017,0.5,0.3026,0.1818
Fikayo_Tomori,39.0,52.0,4,2,0.75,20.0,1.03,0.1026,0.2,0.0987,0.2727
Filip_Benkovic,0.0,46.0,3,2,0.0,0.0,1.0,0.0,0.0,0.0,0.0
Florian_Lejeune,101.0,90.0,4,2,1.12,0.0,1.0,0.0396,0.0,0.1474,0.0
Florin_Andone,43.0,52.0,4,4,0.83,0.0,1.0,0.093,0.0,0.1092,0.0
Francisco_Femenía Far,138.0,90.0,4,2,1.53,4.0,1.01,0.029,1.0,0.2013,0.0909
Fraser_Forster,209.0,128.0,4,1,1.63,0.0,1.0,0.0191,0.0,0.2145,0.0
Frederick_Woodman,0.0,40.0,4,1,0.0,0.0,1.0,0.0,0.0,0.0,0.0
Frederico_Rodrigues de Paula Santos,54.0,52.0,5,3,1.04,10.0,1.02,0.0926,0.5,0.1368,0.1818
Frédéric_Guilbert,38.0,14.0,4,2,2.71,20.0,1.03,0.1053,0.2,0.3566,0.2727
Gabriel Fernando_de Jesus,306.0,108.0,9,4,2.83,16.0,1.03,0.0294,0.5625,0.3724,0.2727
Gabriel Teodoro_Martinelli Silva,8.0,14.0,4,4,0.57,7.0,1.01,0.5,0.5714,0.075,0.0909
Gary_Cahill,277.0,128.0,4,2,2.16,5.0,1.01,0.0144,0.8,0.2842,0.0909
Gavin_Kilkenny,0.0,14.0,4,3,0.0,0.0,1.0,0.0,0.0,0.0,0.0
Gaëtan_Bong,114.0,90.0,4,2,1.27,0.0,1.0,0.0351,0.0,0.1671,0.0
Gedson_Carvalho Fernandes,4.0,7.0,4,3,0.57,3.0,1.01,1.0,1.3333,0.075,0.0909
Georges-Kévin_Nkoudou,24.0,125.0,5,3,0.19,0.0,1.0,0.2083,0.0,0.025,0.0
George_Baldock,56.0,14.0,5,2,4.0,26.0,1.04,0.0893,0.1923,0.5263,0.3636
Georginio_Wijnaldum,381.0,128.0,5,3,2.98,12.0,1.02,0.0131,0.4167,0.3921,0.1818
Gerard_Deulofeu,213.0,104.0,6,4,2.05,26.0,1.04,0.0282,0.2308,0.2697,0.3636
Giovani_Lo Celso,8.0,14.0,7,3,0.57,5.0,1.01,0.875,1.4,0.075,0.0909
Giovanni_McGregor,0.0,7.0,4,3,0.0,0.0,1.0,0.0,0.0,0.0,0.0
Glenn_Murray,253.0,90.0,5,4,2.81,3.0,1.01,0.0198,1.6667,0.3697,0.0909
Gonçalo Bento_Soares Cardoso,0.0,9.0,4,2,0.0,0.0,1.0,0.0,0.0,0.0,0.0
Grady_Diangana,25.0,54.0,4,3,0.46,0.0,1.0,0.16,0.0,0.0605,0.0
Granit_Xhaka,305.0,128.0,5,3,2.38,9.0,1.02,0.0164,0.5556,0.3132,0.1818
Grant_Hanley,1.0,52.0,4,2,0.02,0.0,1.0,4.0,0.0,0.0027,0.0
Gylfi_Sigurdsson,493.0,128.0,7,3,3.85,14.0,1.02,0.0142,0.5,0.5066,0.1818
Hamza_Choudhury,47.0,77.0,4,3,0.61,0.0,1.0,0.0851,0.0,0.0803,0.0
Harry_Kane,666.0,128.0,10,4,5.2,19.0,1.03,0.015,0.5263,0.6842,0.2727
Harry_Lewis,0.0,33.0,4,1,0.0,0.0,1.0,0.0,0.0,0.0,0.0
Harry_Maguire,310.0,128.0,5,2,2.42,9.0,1.02,0.0161,0.5556,0.3184,0.1818
Harry_Wilson,57.0,25.0,5,3,2.28,30.0,1.05,0.0877,0.1667,0.3,0.4545
Harry_Winks,134.0,128.0,5,3,1.05,8.0,1.01,0.0373,0.625,0.1382,0.0909
Harvey_Barnes,94.0,37.0,6,3,2.54,31.0,1.05,0.0638,0.1935,0.3342,0.4545
Harvey_Elliott,3.0,19.0,4,3,0.16,1.0,1.0,1.3333,4.0,0.0211,1.0E-4
Henrikh_Mkhitaryan,282.0,128.0,6,3,2.2,0.0,1.0,0.0213,0.0,0.2895,0.0
Henri_Lansbury,5.0,14.0,4,3,0.36,3.0,1.01,0.8,1.3333,0.0474,0.0909
Heung-Min_Son,585.0,128.0,9,3,4.57,39.0,1.07,0.0154,0.2308,0.6013,0.6364
Heurelho da Silva_Gomes,0.0,14.0,4,1,0.0,0.0,1.0,0.0,0.0,0.0,0.0
Hugo_Lloris,455.0,128.0,5,1,3.55,0.0,1.0,0.011,0.0,0.4671,0.0
Héctor_Bellerín,312.0,128.0,5,2,2.44,1.0,1.0,0.016,5.0,0.3211,1.0E-4
Hélder_Costa,52.0,52.0,4,3,1.0,0.0,1.0,0.0769,0.0,0.1316,0.0
Ibrahim_Amadou,16.0,14.0,4,3,1.14,8.0,1.01,0.25,0.5,0.15,0.0909
Idrissa_Gueye,245.0,128.0,5,3,1.91,0.0,1.0,0.0204,0.0,0.2513,0.0
Ignacio_Pussetto,5.0,7.0,4,3,0.71,4.0,1.01,0.8,1.0,0.0934,0.0909
Ilkay_Gündogan,260.0,128.0,5,3,2.03,15.0,1.03,0.0192,0.3333,0.2671,0.2727
Indiana_Vassilev,2.0,7.0,4,3,0.29,2.0,1.0,2.0,2.0,0.0382,0.0
Isaac_Hayden,136.0,90.0,4,3,1.51,10.0,1.02,0.0294,0.4,0.1987,0.1818
Isaac_Success Ajayi,44.0,52.0,4,4,0.85,0.0,1.0,0.0909,0.0,0.1118,0.0
Ismaïla_Sarr,14.0,14.0,6,3,1.0,8.0,1.01,0.4286,0.75,0.1316,0.0909
Issa_Diop,114.0,52.0,4,2,2.19,2.0,1.0,0.0351,2.0,0.2882,0.0
Ivan_Cavaleiro,48.0,52.0,4,3,0.92,0.0,1.0,0.0833,0.0,0.1211,0.0
Jack_Colback,0.0,52.0,4,3,0.0,0.0,1.0,0.0,0.0,0.0,0.0
Jack_Cork,264.0,128.0,4,3,2.06,12.0,1.02,0.0152,0.3333,0.2711,0.1818
Jack_Grealish,58.0,14.0,6,3,4.14,29.0,1.05,0.1034,0.2069,0.5447,0.4545
Jack_O'Connell,49.0,14.0,4,2,3.5,23.0,1.04,0.0816,0.1739,0.4605,0.3636
Jack_Robinson,0.0,4.0,4,2,0.0,0.0,1.0,0.0,0.0,0.0,0.0
Jack_Simpson,11.0,78.0,4,2,0.14,0.0,1.0,0.3636,0.0,0.0184,0.0
Jack_Stacey,6.0,14.0,4,2,0.43,1.0,1.0,0.6667,4.0,0.0566,1.0E-4
Jack_Stephens,170.0,128.0,4,2,1.33,4.0,1.01,0.0235,1.0,0.175,0.0909
Jack_Wilshere,130.0,128.0,4,3,1.02,1.0,1.0,0.0308,4.0,0.1342,1.0E-4
Jacob_Murphy,67.0,90.0,4,3,0.74,0.0,1.0,0.0597,0.0,0.0974,0.0
Jairo_Riedewald,25.0,90.0,4,3,0.28,2.0,1.0,0.16,2.0,0.0368,0.0
Jake_Eastwood,0.0,14.0,4,1,0.0,0.0,1.0,0.0,0.0,0.0,0.0
Jamaal_Lascelles,249.0,90.0,4,2,2.77,14.0,1.02,0.0161,0.2857,0.3645,0.1818
Jamal_Lewis,19.0,14.0,4,2,1.36,8.0,1.01,0.2105,0.5,0.179,0.0909
James_Chester,0.0,52.0,4,2,0.0,0.0,1.0,0.0,0.0,0.0,0.0
James_Daly,0.0,18.0,4,4,0.0,0.0,1.0,0.0,0.0,0.0,0.0
James_Garner,2.0,25.0,4,3,0.08,1.0,1.0,2.0,4.0,0.0106,1.0E-4
James_Justin,0.0,14.0,4,2,0.0,0.0,1.0,0.0,0.0,0.0,0.0
James_Maddison,204.0,52.0,7,3,3.92,33.0,1.06,0.0343,0.2121,0.5158,0.5455
James_McArthur,353.0,128.0,5,3,2.76,18.0,1.03,0.0142,0.2778,0.3632,0.2727
James_McCarthy,38.0,128.0,4,3,0.3,2.0,1.0,0.1053,2.0,0.0395,0.0
James_Milner,342.0,128.0,5,3,2.67,2.0,1.0,0.0146,2.5,0.3513,0.0
James_Tarkowski,278.0,128.0,5,2,2.17,31.0,1.05,0.018,0.1613,0.2855,0.4545
James_Tomkins,272.0,128.0,5,2,2.13,12.0,1.02,0.0184,0.4167,0.2803,0.1818
James_Ward-Prowse,323.0,128.0,5,3,2.52,29.0,1.05,0.0155,0.1724,0.3316,0.4545
Jamie_Vardy,628.0,128.0,9,4,4.91,64.0,1.11,0.0143,0.1406,0.6461,1.0
Jannik_Vestergaard,82.0,52.0,4,2,1.58,3.0,1.01,0.0488,1.3333,0.2079,0.0909
Jan_Bednarek,94.0,90.0,4,2,1.04,5.0,1.01,0.0426,0.8,0.1368,0.0909
Jan_Vertonghen,344.0,128.0,5,2,2.69,3.0,1.01,0.0145,1.6667,0.3539,0.0909
Japhet_Tanganga,17.0,11.0,4,2,1.55,10.0,1.02,0.2353,0.4,0.204,0.1818
Javier_Hernández Balcázar,188.0,90.0,6,4,2.09,0.0,1.0,0.0319,0.0,0.275,0.0
Javier_Manquillo,150.0,126.0,4,2,1.19,0.0,1.0,0.0267,0.0,0.1566,0.0
Jay_Rodriguez,206.0,90.0,5,4,2.29,13.0,1.02,0.0243,0.3846,0.3013,0.1818
Jean-Philippe_Gbamin,4.0,14.0,4,3,0.29,0.0,1.0,1.0,0.0,0.0382,0.0
Jed_Steer,1.0,14.0,4,1,0.07,1.0,1.0,4.0,4.0,0.0093,1.0E-4
Jefferson_Lerma,93.0,52.0,4,3,1.79,7.0,1.01,0.043,0.5714,0.2355,0.0909
Jeffrey_Schlupp,217.0,128.0,5,3,1.7,10.0,1.02,0.023,0.5,0.2237,0.1818
Jeff_Hendrick,269.0,125.0,5,3,2.15,12.0,1.02,0.0186,0.4167,0.2829,0.1818
Jeremy_Ngakia,6.0,9.0,4,2,0.67,6.0,1.01,0.6667,0.6667,0.0882,0.0909
Jesse_Lingard,279.0,128.0,6,3,2.18,5.0,1.01,0.0215,1.2,0.2868,0.0909
Jesús_Vallejo Lázaro,1.0,14.0,4,2,0.07,1.0,1.0,4.0,4.0,0.0093,1.0E-4
Jetro_Willems,50.0,14.0,4,2,3.57,22.0,1.04,0.08,0.1818,0.4697,0.3636
Joelinton Cássio_Apolinário de Lira,35.0,14.0,5,4,2.5,15.0,1.03,0.1429,0.3333,0.329,0.2727
Joel_Matip,293.0,128.0,5,2,2.29,2.0,1.0,0.0171,2.5,0.3013,0.0
Joel_Ward,178.0,128.0,4,2,1.39,6.0,1.01,0.0225,0.6667,0.1829,0.0909
Joe_Hart,128.0,128.0,4,1,1.0,0.0,1.0,0.0313,0.0,0.1316,0.0
Johann Berg_Gudmundsson,273.0,128.0,5,3,2.13,0.0,1.0,0.0183,0.0,0.2803,0.0
John_Egan,46.0,14.0,4,2,3.29,19.0,1.03,0.087,0.2105,0.4329,0.2727
John_Fleck,40.0,14.0,5,3,2.86,29.0,1.05,0.125,0.1724,0.3763,0.4545
John_Lundstram,75.0,14.0,4,2,5.36,36.0,1.06,0.0533,0.1111,0.7053,0.5455
John_McGinn,55.0,14.0,5,3,3.93,16.0,1.03,0.0909,0.3125,0.5171,0.2727
John_Ruddy,7.0,52.0,4,1,0.13,0.0,1.0,0.5714,0.0,0.0171,0.0
John_Stones,232.0,128.0,5,2,1.81,13.0,1.02,0.0216,0.3846,0.2382,0.1818
Jonas_Lössl,234.0,90.0,4,1,2.6,0.0,1.0,0.0171,0.0,0.3421,0.0
Jonathan_Castro Otto,138.0,52.0,5,2,2.65,17.0,1.03,0.0362,0.2941,0.3487,0.2727
Jonathan_Kodjia,2.0,14.0,5,4,0.14,1.0,1.0,2.5,5.0,0.0185,1.0E-4
Jonjo_Shelvey,149.0,90.0,4,3,1.66,23.0,1.04,0.0268,0.1739,0.2184,0.3636
Jonny_Evans,289.0,128.0,5,2,2.26,26.0,1.04,0.0173,0.1923,0.2974,0.3636
Jordan_Ayew,243.0,105.0,5,4,2.31,18.0,1.03,0.0206,0.2778,0.3039,0.2727
Jordan_Henderson,262.0,128.0,5,3,2.05,24.0,1.04,0.0191,0.2083,0.2697,0.3636
Jordan_Pickford,449.0,128.0,5,1,3.51,17.0,1.03,0.0111,0.2941,0.4618,0.2727
Jordon_Ibe,156.0,128.0,4,3,1.22,0.0,1.0,0.0256,0.0,0.1605,0.0
Jorge Luiz_Frello Filho,137.0,52.0,4,3,2.63,12.0,1.02,0.0292,0.3333,0.3461,0.1818
Jose Luis_Mato Sanmartín,99.0,128.0,5,4,0.77,0.0,1.0,0.0505,0.0,0.1013,0.0
Joseph_Anang,0.0,12.0,4,1,0.0,0.0,1.0,0.0,0.0,0.0,0.0
Joseph_Gomez,147.0,128.0,5,2,1.15,3.0,1.01,0.034,1.6667,0.1513,0.0909
Joseph_Willock,23.0,43.0,4,3,0.53,5.0,1.01,0.1739,0.8,0.0697,0.0909
Joshua_King,479.0,128.0,6,4,3.74,12.0,1.02,0.0125,0.5,0.4921,0.1818
Josh_Brownhill,1.0,5.0,4,3,0.2,1.0,1.0,4.0,4.0,0.0264,1.0E-4
Josip_Drmic,12.0,14.0,5,4,0.86,2.0,1.0,0.4167,2.5,0.1132,0.0
José Diogo_Dalot Teixeira,28.0,52.0,4,2,0.54,0.0,1.0,0.1429,0.0,0.0711,0.0
José Heriberto_Izquierdo Mena,132.0,88.0,5,3,1.5,0.0,1.0,0.0379,0.0,0.1974,0.0
José Ignacio_Peleteiro Romallo,12.0,14.0,5,3,0.86,0.0,1.0,0.4167,0.0,0.1132,0.0
José Ángel_Esmorís Tasende,8.0,14.0,4,2,0.57,8.0,1.01,0.5,0.5,0.075,0.0909
José_Holebas,267.0,128.0,4,2,2.09,9.0,1.02,0.015,0.4444,0.275,0.1818
José_Reina,19.0,6.0,4,1,3.17,19.0,1.03,0.2105,0.2105,0.4171,0.2727
João Filipe Iria_Santos Moutinho,167.0,52.0,5,3,3.21,26.0,1.04,0.0299,0.1923,0.4224,0.3636
João Manuel_Neves Virgínia,0.0,2.0,4,1,0.0,0.0,1.0,0.0,0.0,0.0,0.0
João Pedro Cavaco_Cancelo,19.0,14.0,5,2,1.36,17.0,1.03,0.2632,0.2941,0.179,0.2727
João Pedro_Junqueira de Jesus,0.0,8.0,4,4,0.0,0.0,1.0,0.0,0.0,0.0,0.0
Juan_Foyth,36.0,77.0,4,2,0.47,1.0,1.0,0.1111,4.0,0.0618,1.0E-4
Juan_Mata,286.0,128.0,6,3,2.23,2.0,1.0,0.021,3.0,0.2934,1.0E-4
Junior_Stanislas,238.0,128.0,5,3,1.86,0.0,1.0,0.021,0.0,0.2447,0.0
Jürgen_Locadia,71.0,66.0,5,4,1.08,0.0,1.0,0.0704,0.0,0.1421,0.0
Karl_Darlow,33.0,90.0,4,1,0.37,0.0,1.0,0.1212,0.0,0.0487,0.0
Kasper_Schmeichel,412.0,128.0,5,1,3.22,32.0,1.05,0.0121,0.1563,0.4237,0.4545
Kayne_Ramsay,1.0,35.0,3,2,0.03,0.0,1.0,3.0,0.0,0.004,0.0
Keinan_Davis,6.0,14.0,4,3,0.43,2.0,1.0,0.6667,2.0,0.0566,0.0
Kelechi_Iheanacho,175.0,128.0,5,4,1.37,11.0,1.02,0.0286,0.4545,0.1803,0.1818
Kelland_Watts,0.0,9.0,3,2,0.0,0.0,1.0,0.0,0.0,0.0,0.0
Kenny_McLean,30.0,14.0,4,3,2.14,14.0,1.02,0.1333,0.2857,0.2816,0.1818
Ken_Sema,37.0,52.0,4,3,0.71,0.0,1.0,0.1081,0.0,0.0934,0.0
Kepa_Arrizabalaga,178.0,52.0,5,1,3.42,20.0,1.03,0.0281,0.25,0.45,0.2727
Kevin_Danso,9.0,14.0,4,2,0.64,0.0,1.0,0.4444,0.0,0.0842,0.0
Kevin_De Bruyne,560.0,128.0,10,3,4.38,30.0,1.05,0.0179,0.3333,0.5763,0.4546
Kevin_Long,76.0,120.0,4,2,0.63,0.0,1.0,0.0526,0.0,0.0829,0.0
Ki-Jana_Hoever,0.0,2.0,4,2,0.0,0.0,1.0,0.0,0.0,0.0,0.0
Kieran_Tierney,3.0,14.0,5,2,0.21,3.0,1.01,1.6667,1.6667,0.0277,0.0909
Kieran_Trippier,282.0,128.0,5,2,2.2,0.0,1.0,0.0177,0.0,0.2895,0.0
Kieron_Freeman,0.0,14.0,4,2,0.0,0.0,1.0,0.0,0.0,0.0,0.0
Konstantinos_Mavropanos,7.0,68.0,4,2,0.1,0.0,1.0,0.5714,0.0,0.0132,0.0
Kortney_Hause,0.0,52.0,4,2,0.0,0.0,1.0,0.0,0.0,0.0,0.0
Kurt_Zouma,237.0,127.0,4,2,1.87,19.0,1.03,0.0169,0.2105,0.2461,0.2727
Kyle_Walker-Peters,46.0,90.0,4,2,0.51,0.0,1.0,0.087,0.0,0.0671,0.0
Kyle_Walker,467.0,128.0,5,2,3.65,16.0,1.03,0.0107,0.3125,0.4803,0.2727
Laurent_Koscielny,283.0,128.0,5,2,2.21,0.0,1.0,0.0177,0.0,0.2908,0.0
Leander_Dendoncker,74.0,52.0,4,3,1.42,11.0,1.02,0.0541,0.3636,0.1868,0.1818
Leandro_Trossard,33.0,14.0,5,3,2.36,22.0,1.04,0.1515,0.2273,0.3105,0.3636
Lee_Grant,111.0,125.0,4,1,0.89,0.0,1.0,0.036,0.0,0.1171,0.0
Leighton_Baines,224.0,128.0,4,2,1.75,0.0,1.0,0.0179,0.0,0.2303,0.0
Leon_Balogun,15.0,52.0,4,2,0.29,0.0,1.0,0.2667,0.0,0.0382,0.0
Leon_Clarke,1.0,14.0,4,4,0.07,0.0,1.0,4.0,0.0,0.0093,0.0
Leroy_Sané,440.0,128.0,9,3,3.44,0.0,1.0,0.0205,0.0,0.4526,0.0
Lewis_Cook,114.0,128.0,5,3,0.89,13.0,1.02,0.0439,0.3846,0.1171,0.1818
Lewis_Dunk,244.0,90.0,4,2,2.71,23.0,1.04,0.0164,0.1739,0.3566,0.3636
Lewis_Gibson,0.0,14.0,4,2,0.0,0.0,1.0,0.0,0.0,0.0,0.0
Liam_Gibson,0.0,6.0,4,2,0.0,0.0,1.0,0.0,0.0,0.0,0.0
Lloyd_Kelly,0.0,14.0,4,2,0.0,0.0,1.0,0.0,0.0,0.0,0.0
Lovre_Kalinic,0.0,14.0,4,1,0.0,0.0,1.0,0.0,0.0,0.0,0.0
Lucas_Digne,200.0,52.0,5,2,3.85,15.0,1.03,0.025,0.3333,0.5066,0.2727
Lucas_Rodrigues Moura da Silva,172.0,65.0,7,3,2.65,14.0,1.02,0.0407,0.5,0.3487,0.1818
Lucas_Torreira,98.0,52.0,4,3,1.88,7.0,1.01,0.0408,0.5714,0.2474,0.0909
Lukasz_Fabianski,448.0,128.0,4,1,3.5,0.0,1.0,0.0089,0.0,0.4605,0.0
Lukas_Rupp,10.0,7.0,4,3,1.43,9.0,1.02,0.4,0.4444,0.1882,0.1818
Luka_Milivojevic,392.0,105.0,6,3,3.73,20.0,1.03,0.0153,0.3,0.4908,0.2727
Luke_Amos,1.0,52.0,4,3,0.02,0.0,1.0,4.0,0.0,0.0027,0.0
Luke_Cundle,0.0,14.0,4,3,0.0,0.0,1.0,0.0,0.0,0.0,0.0
Luke_Dreher,1.0,50.0,4,3,0.02,0.0,1.0,4.0,0.0,0.0027,0.0
Luke_Freeman,10.0,14.0,5,3,0.71,3.0,1.01,0.5,1.6667,0.0934,0.0909
Luke_Shaw,193.0,128.0,5,2,1.51,0.0,1.0,0.0259,0.0,0.1987,0.0
Lys_Mousset,131.0,128.0,4,4,1.02,44.0,1.07,0.0305,0.0909,0.1342,0.6364
Maarten_Stekelenburg,68.0,128.0,4,1,0.53,0.0,1.0,0.0588,0.0,0.0697,0.0
Mace_Goodridge,0.0,14.0,4,3,0.0,0.0,1.0,0.0,0.0,0.0,0.0
Mahmoud Ahmed_Ibrahim Hassan,29.0,14.0,5,3,2.07,20.0,1.03,0.1724,0.25,0.2724,0.2727
Mamadou_Sakho,208.0,128.0,5,2,1.63,1.0,1.0,0.024,5.0,0.2145,1.0E-4
Manuel_Lanzini,302.0,128.0,6,3,2.36,8.0,1.01,0.0199,0.75,0.3105,0.0909
Marcos_Alonso,539.0,125.0,6,2,4.31,20.0,1.03,0.0111,0.3,0.5671,0.2727
Marcos_Rojo,105.0,128.0,4,2,0.82,3.0,1.01,0.0381,1.3333,0.1079,0.0909
Marco_Stiepermann,18.0,14.0,5,3,1.29,4.0,1.01,0.2778,1.25,0.1697,0.0909
Marcus_Rashford,387.0,128.0,8,4,3.02,41.0,1.07,0.0207,0.1951,0.3974,0.6364
Marc_Albrighton,275.0,128.0,5,3,2.15,2.0,1.0,0.0182,2.5,0.2829,0.0
Marc_Navarro,2.0,52.0,3,2,0.04,0.0,1.0,1.5,0.0,0.0053,0.0
Mario_Lemina,108.0,90.0,4,3,1.2,0.0,1.0,0.037,0.0,0.1579,0.0
Mario_Vrancic,2.0,14.0,6,3,0.14,0.0,1.0,3.0,0.0,0.0185,0.0
Marko_Arnautovic,378.0,128.0,7,4,2.95,0.0,1.0,0.0185,0.0,0.3882,0.0
Mark_Duffy,0.0,14.0,5,3,0.0,0.0,1.0,0.0,0.0,0.0,0.0
Mark_Noble,291.0,128.0,5,3,2.27,14.0,1.02,0.0172,0.3571,0.2987,0.1818
Mark_Travers,9.0,16.0,4,1,0.56,0.0,1.0,0.4444,0.0,0.0737,0.0
Martin_Dubravka,231.0,65.0,5,1,3.55,18.0,1.03,0.0216,0.2778,0.4671,0.2727
Martin_Kelly,142.0,128.0,4,2,1.11,7.0,1.01,0.0282,0.5714,0.1461,0.0909
Martín_Montoya,83.0,52.0,4,2,1.6,17.0,1.03,0.0482,0.2353,0.2105,0.2727
Marvelous_Nakamba,16.0,14.0,4,3,1.14,7.0,1.01,0.25,0.5714,0.15,0.0909
Mason_Greenwood,19.0,23.0,4,4,0.83,9.0,1.02,0.2105,0.4444,0.1092,0.1818
Mason_Holgate,110.0,128.0,4,2,0.86,13.0,1.02,0.0364,0.3077,0.1132,0.1818
Mason_Mount,61.0,14.0,6,3,4.36,15.0,1.03,0.0984,0.4,0.5737,0.2727
Matej_Vydra,29.0,90.0,5,4,0.32,3.0,1.01,0.1724,1.6667,0.0421,0.0909
Mateo_Kovacic,95.0,52.0,5,3,1.83,16.0,1.03,0.0526,0.3125,0.2408,0.2727
Mathew_Ryan,310.0,90.0,4,1,3.44,25.0,1.04,0.0129,0.16,0.4526,0.3636
Matteo_Darmian,111.0,128.0,4,2,0.87,0.0,1.0,0.036,0.0,0.1145,0.0
Matteo_Guendouzi,81.0,52.0,4,3,1.56,10.0,1.02,0.0494,0.4,0.2053,0.1818
Matthew_Clarke,0.0,14.0,4,2,0.0,0.0,1.0,0.0,0.0,0.0,0.0
Matthew_Longstaff,14.0,14.0,4,3,1.0,0.0,1.0,0.2857,0.0,0.1316,0.0
Matthew_Lowton,242.0,128.0,4,2,1.89,1.0,1.0,0.0165,4.0,0.2487,1.0E-4
Matty_James,26.0,90.0,4,3,0.29,0.0,1.0,0.1538,0.0,0.0382,0.0
Matt_Doherty,196.0,52.0,6,2,3.77,22.0,1.04,0.0306,0.2727,0.4961,0.3636
Matt_Ritchie,234.0,90.0,5,2,2.6,0.0,1.0,0.0214,0.0,0.3421,0.0
Matt_Targett,91.0,128.0,4,2,0.71,27.0,1.05,0.044,0.1481,0.0934,0.4545
Maximillian_Aarons,17.0,14.0,4,2,1.21,14.0,1.02,0.2353,0.2857,0.1592,0.1818
Max_Kilman,3.0,34.0,4,2,0.09,2.0,1.0,1.3333,2.0,0.0119,0.0
Max_Meyer,66.0,52.0,5,3,1.27,1.0,1.0,0.0758,5.0,0.1671,1.0E-4
Maya_Yoshida,207.0,128.0,4,2,1.62,0.0,1.0,0.0193,0.0,0.2132,0.0
Mbwana_Samatta,14.0,4.0,5,4,3.5,14.0,1.02,0.3571,0.3571,0.4605,0.1818
Mesut_Özil,382.0,128.0,7,3,2.98,12.0,1.02,0.0183,0.5833,0.3921,0.1818
Michael_Keane,354.0,128.0,5,2,2.77,10.0,1.02,0.0141,0.5,0.3645,0.1818
Michael_McGovern,11.0,14.0,4,1,0.79,0.0,1.0,0.3636,0.0,0.104,0.0
Michael_Obafemi,21.0,57.0,4,4,0.37,4.0,1.01,0.1905,1.0,0.0487,0.0909
Michael_Verrips,0.0,14.0,4,1,0.0,0.0,1.0,0.0,0.0,0.0,0.0
Michail_Antonio,327.0,128.0,6,3,2.55,9.0,1.02,0.0183,0.6667,0.3355,0.1818
Michel_Vorm,25.0,128.0,4,1,0.2,0.0,1.0,0.16,0.0,0.0263,0.0
Michy_Batshuayi,140.0,104.0,6,4,1.35,6.0,1.01,0.0429,1.0,0.1776,0.0909
Miguel_Almirón,61.0,28.0,5,3,2.18,16.0,1.03,0.082,0.3125,0.2868,0.2727
Mihai-Alexandru_Dobre,0.0,13.0,4,3,0.0,0.0,1.0,0.0,0.0,0.0,0.0
Mohamed_Elneny,58.0,128.0,4,3,0.45,0.0,1.0,0.069,0.0,0.0592,0.0
Mohamed_Elyounoussi,28.0,52.0,5,3,0.54,0.0,1.0,0.1786,0.0,0.0711,0.0
Mohamed_Salah,637.0,90.0,12,3,7.08,20.0,1.03,0.0188,0.6,0.9316,0.2727
Moise_Kean,15.0,14.0,6,4,1.07,2.0,1.0,0.4,3.0,0.1408,1.0E-4
Morgan_Gibbs-White,44.0,52.0,4,3,0.85,0.0,1.0,0.0909,0.0,0.1118,0.0
Morgan_Schneiderlin,127.0,128.0,4,3,0.99,3.0,1.01,0.0315,1.3333,0.1303,0.0909
Moritz_Leitner,16.0,14.0,4,3,1.14,4.0,1.01,0.25,1.0,0.15,0.0909
Moussa_Djenepo,25.0,14.0,5,3,1.79,9.0,1.02,0.2,0.5556,0.2355,0.1818
Moussa_Sissoko,211.0,125.0,4,3,1.69,14.0,1.02,0.019,0.2857,0.2224,0.1818
Muhamed_Bešić,1.0,14.0,4,3,0.07,1.0,1.0,4.0,4.0,0.0093,1.0E-4
N'Golo_Kanté,329.0,128.0,5,3,2.57,12.0,1.02,0.0152,0.4167,0.3382,0.1818
Naby_Keita,69.0,52.0,5,3,1.33,2.0,1.0,0.0725,2.5,0.175,0.0
Nacho_Monreal,332.0,128.0,5,2,2.59,0.0,1.0,0.0151,0.0,0.3408,0.0
Nampalys_Mendy,65.0,127.0,4,3,0.51,0.0,1.0,0.0615,0.0,0.0671,0.0
Nathaniel_Chalobah,42.0,127.0,4,3,0.33,6.0,1.01,0.0952,0.6667,0.0434,0.0909
Nathaniel_Phillips,0.0,10.0,4,2,0.0,0.0,1.0,0.0,0.0,0.0,0.0
Nathan_Aké,324.0,128.0,4,2,2.53,25.0,1.04,0.0123,0.16,0.3329,0.3636
Nathan_Holland,2.0,24.0,4,3,0.08,0.0,1.0,2.0,0.0,0.0106,0.0
Nathan_Redmond,365.0,128.0,6,3,2.85,10.0,1.02,0.0164,0.6,0.375,0.1818
Neal_Maupay,47.0,14.0,5,4,3.36,18.0,1.03,0.1064,0.2778,0.4421,0.2727
Neco_Williams,0.0,13.0,4,2,0.0,0.0,1.0,0.0,0.0,0.0,0.0
Neil_Taylor,39.0,52.0,4,2,0.75,1.0,1.0,0.1026,4.0,0.0987,1.0E-4
Nemanja_Matic,261.0,128.0,4,3,2.04,0.0,1.0,0.0153,0.0,0.2684,0.0
Nick_Pope,207.0,128.0,4,1,1.62,23.0,1.04,0.0193,0.1739,0.2132,0.3636
Nicolas_Pépé,32.0,14.0,9,3,2.29,5.0,1.01,0.2813,1.8,0.3013,0.0909
Nicolás_Otamendi,353.0,128.0,5,2,2.76,1.0,1.0,0.0142,5.0,0.3632,1.0E-4
Nya_Kirby,0.0,20.0,4,3,0.0,0.0,1.0,0.0,0.0,0.0,0.0
Oleksandr_Zinchenko,78.0,122.0,5,2,0.64,0.0,1.0,0.0641,0.0,0.0842,0.0
Oliver_McBurnie,45.0,88.0,5,4,0.51,8.0,1.01,0.1111,0.625,0.0671,0.0909
Oliver_Norwood,35.0,52.0,4,3,0.67,14.0,1.02,0.1143,0.2857,0.0882,0.1818
Oliver_Skipp,14.0,45.0,4,3,0.31,0.0,1.0,0.2857,0.0,0.0408,0.0
Olivier_Giroud,255.0,128.0,6,4,1.99,3.0,1.01,0.0235,2.0,0.2618,0.0909
Ondrej_Duda,19.0,7.0,4,3,2.71,13.0,1.02,0.2105,0.3077,0.3566,0.1818
Onel_Hernández,20.0,14.0,5,3,1.43,19.0,1.03,0.25,0.2632,0.1882,0.2727
Oriol_Romeu Vidal,227.0,128.0,4,3,1.77,8.0,1.01,0.0176,0.5,0.2329,0.0909
Oskar_Buur,0.0,10.0,4,2,0.0,0.0,1.0,0.0,0.0,0.0,0.0
Oumar_Niasse,160.0,123.0,4,4,1.3,1.0,1.0,0.025,4.0,0.1711,1.0E-4
Owen_Otasowie,0.0,14.0,4,3,0.0,0.0,1.0,0.0,0.0,0.0,0.0
Pablo_Fornals,23.0,14.0,6,3,1.64,11.0,1.02,0.2609,0.5455,0.2158,0.1818
Pablo_Marí,7.0,4.0,4,2,1.75,7.0,1.01,0.5714,0.5714,0.2303,0.0909
Pablo_Zabaleta,197.0,128.0,4,2,1.54,3.0,1.01,0.0203,1.3333,0.2026,0.0909
Panagiotis_Retsos,0.0,3.0,4,2,0.0,0.0,1.0,0.0,0.0,0.0,0.0
Pascal_Groß,285.0,90.0,6,3,3.17,20.0,1.03,0.0211,0.3,0.4171,0.2727
Patrick_Cutrone,16.0,14.0,5,4,1.14,3.0,1.01,0.3125,1.6667,0.15,0.0909
Patrick_Roberts,3.0,14.0,5,3,0.21,0.0,1.0,1.6667,0.0,0.0277,0.0
Patrick_van Aanholt,383.0,128.0,5,2,2.99,11.0,1.02,0.0131,0.4545,0.3934,0.1818
Paulo_Gazzaniga,45.0,115.0,4,1,0.39,19.0,1.03,0.0889,0.2105,0.0513,0.2727
Paul_Dummett,144.0,90.0,4,2,1.6,9.0,1.02,0.0278,0.4444,0.2105,0.1818
Paul_Pogba,447.0,128.0,8,3,3.49,0.0,1.0,0.0179,0.0,0.4592,0.0
Pedro_Lomba Neto,10.0,14.0,5,3,0.71,3.0,1.01,0.5,1.6667,0.0934,0.0909
Pedro_Obiang,152.0,128.0,4,3,1.19,0.0,1.0,0.0263,0.0,0.1566,0.0
Pedro_Rodríguez Ledesma,364.0,128.0,6,3,2.84,2.0,1.0,0.0165,3.0,0.3737,1.0E-4
Philip_Billing,110.0,90.0,5,3,1.22,10.0,1.02,0.0455,0.5,0.1605,0.1818
Philip_Heise,0.0,14.0,3,2,0.0,0.0,1.0,0.0,0.0,0.0,0.0
Phil_Bardsley,105.0,128.0,4,2,0.82,12.0,1.02,0.0381,0.3333,0.1079,0.1818
Phil_Foden,39.0,90.0,5,3,0.43,5.0,1.01,0.1282,1.0,0.0566,0.0909
Phil_Jagielka,190.0,128.0,4,2,1.48,2.0,1.0,0.0211,2.0,0.1947,0.0
Phil_Jones,215.0,128.0,4,2,1.68,1.0,1.0,0.0186,4.0,0.2211,1.0E-4
Pierre-Emerick_Aubameyang,379.0,65.0,11,4,5.83,32.0,1.05,0.029,0.3438,0.7671,0.4546
Pierre-Emile_Højbjerg,199.0,128.0,4,3,1.55,16.0,1.03,0.0201,0.25,0.2039,0.2727
Pontus_Dahlberg,0.0,52.0,4,1,0.0,0.0,1.0,0.0,0.0,0.0,0.0
Rachid_Ghezzal,28.0,52.0,5,3,0.54,0.0,1.0,0.1786,0.0,0.0711,0.0
Rafael_Camacho,1.0,44.0,4,3,0.02,0.0,1.0,4.0,0.0,0.0027,0.0
Raheem_Sterling,688.0,128.0,11,3,5.38,28.0,1.05,0.016,0.3929,0.7079,0.4546
Ralf_Fahrmann,1.0,14.0,4,1,0.07,0.0,1.0,4.0,0.0,0.0093,0.0
Ravel_Morrison,1.0,14.0,4,3,0.07,0.0,1.0,4.0,0.0,0.0093,0.0
Raúl_Jiménez,254.0,52.0,8,4,4.88,39.0,1.07,0.0315,0.2051,0.6421,0.6364
Reece_James,11.0,14.0,5,2,0.79,11.0,1.02,0.4545,0.4545,0.104,0.1818
Reiss_Nelson,10.0,90.0,5,3,0.11,0.0,1.0,0.5,0.0,0.0145,0.0
Rhian_Brewster,0.0,19.0,4,4,0.0,0.0,1.0,0.0,0.0,0.0,0.0
Rhu-endly_Martina,0.0,13.0,4,2,0.0,0.0,1.0,0.0,0.0,0.0,0.0
Ricardo Domingos_Barbosa Pereira,221.0,52.0,6,2,4.25,35.0,1.06,0.0271,0.1714,0.5592,0.5455
Richairo_Zivkovic,0.0,4.0,4,4,0.0,0.0,1.0,0.0,0.0,0.0,0.0
Richard_Stearman,0.0,14.0,3,2,0.0,0.0,1.0,0.0,0.0,0.0,0.0
Richarlison_de Andrade,344.0,90.0,8,3,3.82,33.0,1.06,0.0233,0.2424,0.5026,0.5455
Riyad_Mahrez,475.0,128.0,8,3,3.71,12.0,1.02,0.0168,0.6667,0.4882,0.1818
Robbie_Brady,129.0,105.0,5,3,1.23,12.0,1.02,0.0388,0.4167,0.1618,0.1818
Robert Kenedy_Nunes do Nascimento,104.0,128.0,5,3,0.81,0.0,1.0,0.0481,0.0,0.1066,0.0
Roberto_Firmino,588.0,128.0,9,4,4.59,19.0,1.03,0.0153,0.4737,0.6039,0.2727
Roberto_Jimenez Gago,17.0,14.0,4,1,1.21,14.0,1.02,0.2353,0.2857,0.1592,0.1818
Roberto_Pereyra,268.0,126.0,5,3,2.13,7.0,1.01,0.0187,0.7143,0.2803,0.0909
Robert_Elliot,57.0,89.0,4,1,0.64,0.0,1.0,0.0702,0.0,0.0842,0.0
Robert_Snodgrass,249.0,128.0,5,3,1.95,27.0,1.05,0.0201,0.1852,0.2566,0.4545
Rob_Holding,84.0,128.0,4,2,0.66,1.0,1.0,0.0476,4.0,0.0868,1.0E-4
Rodrigo_Hernandez,31.0,14.0,5,3,2.21,9.0,1.02,0.1613,0.5556,0.2908,0.1818
Rolando_Aarons,5.0,52.0,4,3,0.1,0.0,1.0,0.8,0.0,0.0132,0.0
Romain_Saïss,67.0,52.0,4,2,1.29,5.0,1.01,0.0597,0.8,0.1697,0.0909
Romelu_Lukaku,498.0,128.0,8,4,3.89,0.0,1.0,0.0161,0.0,0.5118,0.0
Ross_Barkley,235.0,128.0,5,3,1.84,1.0,1.0,0.0213,5.0,0.2421,1.0E-4
Ruben_Loftus-Cheek,162.0,128.0,6,3,1.27,0.0,1.0,0.037,0.0,0.1671,0.0
Rui Pedro_dos Santos Patrício,172.0,52.0,5,1,3.31,16.0,1.03,0.0291,0.3125,0.4355,0.2727
Ryan_Bennett,106.0,52.0,4,2,2.04,2.0,1.0,0.0377,2.0,0.2684,0.0
Ryan_Bertrand,286.0,128.0,4,2,2.23,0.0,1.0,0.014,0.0,0.2934,0.0
Ryan_Fraser,418.0,127.0,6,3,3.29,20.0,1.03,0.0144,0.3,0.4329,0.2727
Ryan_Fredericks,73.0,52.0,4,2,1.4,8.0,1.01,0.0548,0.5,0.1842,0.0909
Ryan_Giles,0.0,7.0,3,2,0.0,0.0,1.0,0.0,0.0,0.0,0.0
Ryan_Sessegnon,95.0,52.0,5,3,1.83,1.0,1.0,0.0526,5.0,0.2408,1.0E-4
Rúben Diogo_da Silva Neves,142.0,52.0,5,3,2.73,19.0,1.03,0.0352,0.2632,0.3592,0.2727
Rúben Gonçalo_Silva Nascimento Vinagre,33.0,52.0,4,2,0.63,3.0,1.01,0.1212,1.3333,0.0829,0.0909
Sadio_Mané,628.0,128.0,12,3,4.91,37.0,1.06,0.0191,0.3243,0.6461,0.5455
Sam_Byram,43.0,128.0,4,2,0.34,7.0,1.01,0.093,0.5714,0.0447,0.0909
Sam_Gallagher,4.0,31.0,4,4,0.13,0.0,1.0,1.0,0.0,0.0171,0.0
Sam_Surridge,2.0,28.0,4,4,0.07,0.0,1.0,2.0,0.0,0.0093,0.0
Sam_Woods,0.0,19.0,3,2,0.0,0.0,1.0,0.0,0.0,0.0,0.0
Sander_Berge,8.0,4.0,4,3,2.0,8.0,1.01,0.5,0.5,0.2632,0.0909
Scott_Carson,0.0,14.0,4,1,0.0,0.0,1.0,0.0,0.0,0.0,0.0
Scott_Dann,129.0,128.0,4,2,1.01,5.0,1.01,0.031,0.8,0.1329,0.0909
Scott_McTominay,109.0,95.0,4,3,1.15,17.0,1.03,0.0367,0.2353,0.1513,0.2727
Sead_Kolasinac,209.0,90.0,5,2,2.32,5.0,1.01,0.0239,1.0,0.3053,0.0909
Seamus_Coleman,316.0,128.0,5,2,2.47,0.0,1.0,0.0158,0.0,0.325,0.0
Sean_Longstaff,42.0,50.0,5,3,0.84,1.0,1.0,0.119,5.0,0.1105,1.0E-4
Sebastian_Prödl,111.0,128.0,3,2,0.87,0.0,1.0,0.027,0.0,0.1145,0.0
Serge_Aurier,137.0,87.0,5,2,1.57,23.0,1.04,0.0365,0.2174,0.2066,0.3636
Sergio_Agüero,617.0,128.0,11,4,4.82,11.0,1.02,0.0178,1.0,0.6342,0.1818
Sergio_Romero,30.0,128.0,4,1,0.23,0.0,1.0,0.1333,0.0,0.0303,0.0
Shane_Duffy,236.0,90.0,4,2,2.62,10.0,1.02,0.0169,0.4,0.3447,0.1818
Shane_Long,183.0,128.0,4,4,1.43,2.0,1.0,0.0219,2.0,0.1882,0.0
Shkodran_Mustafi,283.0,125.0,5,2,2.26,4.0,1.01,0.0177,1.25,0.2974,0.0909
Simon_Francis,185.0,128.0,4,2,1.45,-2.0,1.0,0.0216,0.0,0.1908,0.0
Simon_Mignolet,177.0,128.0,4,1,1.38,0.0,1.0,0.0226,0.0,0.1816,0.0
Simon_Moore,1.0,14.0,4,1,0.07,1.0,1.0,4.0,4.0,0.0093,1.0E-4
Sofiane_Boufal,119.0,125.0,5,3,0.95,6.0,1.01,0.042,0.8333,0.125,0.0909
Sokratis_Papastathopoulos,95.0,52.0,4,2,1.83,10.0,1.02,0.0421,0.4,0.2408,0.1818
Solomon_March,189.0,90.0,4,3,2.1,3.0,1.01,0.0212,1.3333,0.2763,0.0909
Stephen_Henderson,0.0,14.0,4,1,0.0,0.0,1.0,0.0,0.0,0.0,0.0
Steven_Alzate,21.0,14.0,4,3,1.5,6.0,1.01,0.1905,0.6667,0.1974,0.0909
Steven_Bergwijn,22.0,5.0,7,3,4.4,22.0,1.04,0.3182,0.3182,0.579,0.3636
Steven_Defour,126.0,127.0,5,3,0.99,0.0,1.0,0.0397,0.0,0.1303,0.0
Steve_Cook,323.0,128.0,5,2,2.52,31.0,1.05,0.0155,0.1613,0.3316,0.4545
Stuart_Armstrong,90.0,52.0,5,3,1.73,10.0,1.02,0.0556,0.5,0.2276,0.1818
Sung-yueng_Ki,156.0,128.0,4,3,1.22,0.0,1.0,0.0256,0.0,0.1605,0.0
Sébastien_Haller,51.0,14.0,6,4,3.64,14.0,1.02,0.1176,0.4286,0.4789,0.1818
Tahith_Chong,4.0,25.0,4,3,0.16,0.0,1.0,1.0,0.0,0.0211,0.0
Takumi_Minamino,3.0,9.0,6,3,0.33,2.0,1.0,2.0,3.0,0.0435,1.0E-4
Tammy_Abraham,169.0,90.0,7,4,1.88,29.0,1.05,0.0414,0.2414,0.2474,0.4545
Tanguy_Ndombele,31.0,14.0,5,3,2.21,6.0,1.01,0.1613,0.8333,0.2908,0.0909
Tariq_Lamptey,1.0,10.0,4,2,0.1,0.0,1.0,4.0,0.0,0.0132,0.0
Taylor_Perry,0.0,14.0,4,3,0.0,0.0,1.0,0.0,0.0,0.0,0.0
Teemu_Pukki,74.0,14.0,6,4,5.29,20.0,1.03,0.0811,0.3,0.6961,0.2727
Theo_Walcott,303.0,128.0,6,3,2.37,13.0,1.02,0.0198,0.4615,0.3118,0.1818
Thomas_Allan,0.0,8.0,4,3,0.0,0.0,1.0,0.0,0.0,0.0,0.0
Timm_Klose,0.0,14.0,4,2,0.0,0.0,1.0,0.0,0.0,0.0,0.0
Tim_Krul,49.0,49.0,4,1,1.0,37.0,1.06,0.0816,0.1081,0.1316,0.5455
Toby_Alderweireld,300.0,128.0,5,2,2.34,10.0,1.02,0.0167,0.5,0.3079,0.1818
Todd_Cantwell,57.0,14.0,4,3,4.07,24.0,1.04,0.0702,0.1667,0.5355,0.3636
Tomas_Soucek,6.0,5.0,4,3,1.2,6.0,1.01,0.6667,0.6667,0.1579,0.0909
Tom_Cleverley,162.0,128.0,4,3,1.27,3.0,1.01,0.0247,1.3333,0.1671,0.0909
Tom_Davies,177.0,128.0,5,3,1.38,20.0,1.03,0.0282,0.25,0.1816,0.2727
Tom_Heaton,253.0,128.0,4,1,1.98,14.0,1.02,0.0158,0.2857,0.2605,0.1818
Tom_Trybull,19.0,14.0,4,3,1.36,10.0,1.02,0.2105,0.4,0.179,0.1818
Trent_Alexander-Arnold,340.0,128.0,7,2,2.66,24.0,1.04,0.0206,0.2917,0.35,0.3636
Troy_Deeney,324.0,128.0,6,4,2.53,1.0,1.0,0.0185,6.0,0.3329,1.0E-4
Troy_Parrott,0.0,14.0,4,4,0.0,0.0,1.0,0.0,0.0,0.0,0.0
Tudor_Baluta,0.0,14.0,4,2,0.0,0.0,1.0,0.0,0.0,0.0,0.0
Tyreece_John-Jules,0.0,9.0,4,4,0.0,0.0,1.0,0.0,0.0,0.0,0.0
Tyreke_Johnson,1.0,36.0,4,3,0.03,0.0,1.0,4.0,0.0,0.004,0.0
Tyrick_Mitchell,0.0,13.0,4,2,0.0,0.0,1.0,0.0,0.0,0.0,0.0
Tyrone_Mings,54.0,128.0,4,2,0.42,17.0,1.03,0.0741,0.2353,0.0553,0.2727
Valentino_Lazaro,3.0,5.0,5,3,0.6,3.0,1.01,1.6667,1.6667,0.079,0.0909
Vicente_Guaita,124.0,52.0,5,1,2.38,13.0,1.02,0.0403,0.3846,0.3132,0.1818
Victor_Lindelöf,169.0,90.0,5,2,1.88,16.0,1.03,0.0296,0.3125,0.2474,0.2727
Victor_Wanyama,160.0,128.0,4,3,1.25,0.0,1.0,0.025,0.0,0.1645,0.0
Vincent_Janssen,59.0,95.0,4,4,0.62,0.0,1.0,0.0678,0.0,0.0816,0.0
Virgil_van Dijk,420.0,128.0,6,2,3.28,26.0,1.04,0.0143,0.2308,0.4316,0.3636
Víctor_Camarasa,107.0,52.0,4,3,2.06,0.0,1.0,0.0374,0.0,0.2711,0.0
Wayne_Hennessey,264.0,128.0,4,1,2.06,6.0,1.01,0.0152,0.6667,0.2711,0.0909
Wesley_Hoedt,103.0,88.0,4,2,1.17,0.0,1.0,0.0388,0.0,0.1539,0.0
Wesley_Moraes,51.0,14.0,5,4,3.64,11.0,1.02,0.098,0.4545,0.4789,0.1818
Wes_Morgan,204.0,128.0,4,2,1.59,3.0,1.01,0.0196,1.3333,0.2092,0.0909
Wilfred_Ndidi,270.0,108.0,5,3,2.5,16.0,1.03,0.0185,0.3125,0.3289,0.2727
Wilfried_Zaha,475.0,128.0,6,3,3.71,28.0,1.05,0.0126,0.2143,0.4882,0.4545
William_Smallbone,5.0,10.0,4,3,0.5,5.0,1.01,0.8,0.8,0.0658,0.0909
Willian_Borges Da Silva,404.0,128.0,6,3,3.16,27.0,1.05,0.0149,0.2222,0.4158,0.4545
Willy_Boly,154.0,52.0,4,2,2.96,2.0,1.0,0.026,2.0,0.3895,0.0
Willy_Caballero,88.0,128.0,4,1,0.69,0.0,1.0,0.0455,0.0,0.0908,0.0
Will_Hughes,173.0,90.0,5,3,1.92,11.0,1.02,0.0289,0.4545,0.2526,0.1818
Will_Norris,1.0,52.0,3,1,0.02,0.0,1.0,3.0,0.0,0.0027,0.0
Winston_Reid,144.0,128.0,4,2,1.13,0.0,1.0,0.0278,0.0,0.1487,0.0
Xherdan_Shaqiri,325.0,128.0,6,3,2.54,0.0,1.0,0.0185,0.0,0.3342,0.0
Yan_Valery,63.0,39.0,4,2,1.62,3.0,1.01,0.0635,1.3333,0.2132,0.0909
Yerry_Mina,68.0,52.0,5,2,1.31,12.0,1.02,0.0735,0.4167,0.1724,0.1818
Yoshinori_Muto,29.0,52.0,5,4,0.56,0.0,1.0,0.1724,0.0,0.0737,0.0
Youri_Tielemans,125.0,28.0,6,3,4.46,34.0,1.06,0.048,0.1765,0.5868,0.5455
Yves_Bissouma,49.0,52.0,5,3,0.94,3.0,1.01,0.102,1.6667,0.1237,0.0909
Çaglar_Söyüncü,72.0,52.0,5,2,1.38,38.0,1.06,0.0694,0.1316,0.1816,0.5455
Ørjan_Nyland,2.0,14.0,4,1,0.14,2.0,1.0,2.0,2.0,0.0185,0.0
